Rank,Number,Frequency,Percent
1,20,115,11.56
2,17,114,11.46
3,34,114,11.46
4,35,114,11.46
5,21,112,11.26
6,11,110,11.06
7,16,109,10.95
8,30,108,10.85
9,49,108,10.85
10,18,107,10.75
11,23,107,10.75
12,41,106,10.65
13,1,105,10.55
14,8,104,10.45
15,14,104,10.45
16,39,104,10.45
17,7,103,10.35
18,13,103,10.35
19,37,102,10.25
20,45,102,10.25
21,46,102,10.25
22,4,101,10.15
23,6,101,10.15
24,9,101,10.15
25,15,100,10.05
26,19,99,9.95
27,43,99,9.95
28,38,98,9.85
29,12,97,9.75
30,22,97,9.75
31,29,97,9.75
32,47,97,9.75
33,40,96,9.65
34,33,95,9.55
35,2,94,9.45
36,3,94,9.45
37,31,94,9.45
38,32,94,9.45
39,10,93,9.35
40,42,93,9.35
41,44,93,9.35
42,5,90,9.05
43,24,90,9.05
44,26,90,9.05
45,27,89,8.94
46,25,88,8.84
47,50,88,8.84
48,28,87,8.74
49,36,87,8.74
50,48,80,8.04
